hour_utc	cost_usd	input	output	cache_write	cache_read
2026-07-14T13:00Z	0.3479	0	0	0	0
2026-07-14T14:00Z	0.3479	0	0	0	0
2026-07-14T15:00Z	0.3479	0	0	0	0
2026-07-14T16:00Z	0.3479	0	0	0	0
2026-07-14T17:00Z	0.3479	0	0	0	0
2026-07-14T18:00Z	0.3479	0	0	0	0
2026-07-14T19:00Z	0.3479	0	0	0	0
2026-07-14T20:00Z	0.3479	0	0	0	0
2026-07-14T21:00Z	0.3479	0	0	0	0
2026-07-14T22:00Z	0.3479	0	0	0	0
2026-07-14T23:00Z	0.3479	0	0	0	0
2026-07-15T00:00Z	0.3479	0	0	0	0
2026-07-15T01:00Z	0.3479	0	0	0	0
2026-07-15T02:00Z	0.3479	0	0	0	0
2026-07-15T03:00Z	0.3479	0	0	0	0
2026-07-15T04:00Z	0.3479	0	0	0	0
2026-07-15T05:00Z	0.3479	0	0	0	0
2026-07-15T06:00Z	0.3479	0	0	0	0
2026-07-15T07:00Z	0.3479	0	0	0	0
2026-07-15T08:00Z	0.3479	0	0	0	0
2026-07-15T09:00Z	0.3479	0	0	0	0
2026-07-15T10:00Z	0.3479	0	0	0	0
2026-07-15T11:00Z	0.3479	0	0	0	0
2026-07-15T12:00Z	0.3479	0	0	0	0
2026-07-15T13:00Z	0.3479	0	0	0	0
2026-07-15T14:00Z	0.3479	0	0	0	0
2026-07-15T15:00Z	0.3479	0	0	0	0
2026-07-15T16:00Z	0.3479	0	0	0	0
2026-07-15T17:00Z	0.3479	0	0	0	0
2026-07-15T18:00Z	0.3479	0	0	0	0
2026-07-15T19:00Z	0.3479	0	0	0	0
2026-07-15T20:00Z	0.3479	0	0	0	0
2026-07-15T21:00Z	0.3479	0	0	0	0
2026-07-15T22:00Z	0.3479	0	0	0	0
2026-07-15T23:00Z	0.3479	0	0	0	0
2026-07-16T00:00Z	0.3479	0	0	0	0
2026-07-16T01:00Z	0.3479	0	0	0	0
2026-07-16T02:00Z	0.3479	0	0	0	0
2026-07-16T03:00Z	0.3479	0	0	0	0
2026-07-16T04:00Z	0.3479	0	0	0	0
2026-07-16T05:00Z	0.3479	0	0	0	0
2026-07-16T06:00Z	0.3479	0	0	0	0
2026-07-16T07:00Z	0.3479	0	0	0	0
2026-07-16T08:00Z	0.3479	0	0	0	0
2026-07-16T09:00Z	0.3479	0	0	0	0
2026-07-16T10:00Z	0.3479	0	0	0	0
2026-07-16T11:00Z	0.3479	0	0	0	0
2026-07-16T12:00Z	0.3479	0	0	0	0
2026-07-16T13:00Z	0.3479	0	0	0	0
2026-07-16T14:00Z	0.3479	0	0	0	0
2026-07-16T15:00Z	0.3479	0	0	0	0
2026-07-16T16:00Z	0.3479	0	0	0	0
2026-07-16T17:00Z	0.3479	0	0	0	0
2026-07-16T18:00Z	0.3479	0	0	0	0
2026-07-16T19:00Z	0.3479	0	0	0	0
2026-07-16T20:00Z	0.3479	0	0	0	0
2026-07-16T21:00Z	0.3479	0	0	0	0
2026-07-16T22:00Z	0.3479	0	0	0	0
2026-07-16T23:00Z	0.3479	0	0	0	0
2026-07-17T00:00Z	0.3479	0	0	0	0
2026-07-17T01:00Z	0.3479	0	0	0	0
2026-07-17T02:00Z	0.3479	0	0	0	0
2026-07-17T03:00Z	0.3479	0	0	0	0
2026-07-17T04:00Z	0.3479	0	0	0	0
2026-07-17T05:00Z	0.3479	0	0	0	0
2026-07-17T06:00Z	0.3479	0	0	0	0
2026-07-17T07:00Z	0.3479	0	0	0	0
2026-07-17T08:00Z	0.3479	0	0	0	0
2026-07-17T09:00Z	0.3479	0	0	0	0
2026-07-17T10:00Z	0.3479	0	0	0	0
2026-07-17T11:00Z	0.3479	0	0	0	0
2026-07-17T12:00Z	0.3479	0	0	0	0
2026-07-17T13:00Z	0.3479	0	0	0	0
2026-07-17T14:00Z	0.3479	0	0	0	0
2026-07-17T15:00Z	0.3479	0	0	0	0
2026-07-17T16:00Z	0.3479	0	0	0	0
2026-07-17T17:00Z	0.3479	0	0	0	0
2026-07-17T18:00Z	0.3479	0	0	0	0
2026-07-17T19:00Z	0.3479	0	0	0	0
2026-07-17T20:00Z	0.3479	0	0	0	0
2026-07-17T21:00Z	0.3479	0	0	0	0
2026-07-17T22:00Z	0.3479	0	0	0	0
2026-07-17T23:00Z	0.3479	0	0	0	0
2026-07-18T00:00Z	0.3479	0	0	0	0
2026-07-18T01:00Z	0.3479	0	0	0	0
2026-07-18T02:00Z	0.3479	0	0	0	0
2026-07-18T03:00Z	0.3479	0	0	0	0
2026-07-18T04:00Z	0.3479	0	0	0	0
2026-07-18T05:00Z	0.3479	0	0	0	0
2026-07-18T06:00Z	0.3479	0	0	0	0
2026-07-18T07:00Z	0.3479	0	0	0	0
2026-07-18T08:00Z	0.3479	0	0	0	0
2026-07-18T09:00Z	0.3479	0	0	0	0
2026-07-18T10:00Z	0.3479	0	0	0	0
2026-07-18T11:00Z	0.3479	0	0	0	0
2026-07-18T12:00Z	0.3479	0	0	0	0
2026-07-18T13:00Z	0.3479	0	0	0	0
2026-07-18T14:00Z	0.3479	0	0	0	0
2026-07-18T15:00Z	0.3479	0	0	0	0
2026-07-18T16:00Z	0.3479	0	0	0	0
2026-07-18T17:00Z	0.3479	0	0	0	0
2026-07-18T18:00Z	0.3479	0	0	0	0
2026-07-18T19:00Z	0.3479	0	0	0	0
2026-07-18T20:00Z	0.3479	0	0	0	0
2026-07-18T21:00Z	0.3479	0	0	0	0
2026-07-18T22:00Z	0.3479	0	0	0	0
2026-07-18T23:00Z	0.3479	0	0	0	0
2026-07-19T00:00Z	0.3479	0	0	0	0
2026-07-19T01:00Z	0.3479	0	0	0	0
2026-07-19T02:00Z	0.3479	0	0	0	0
2026-07-19T03:00Z	0.3479	0	0	0	0
2026-07-19T04:00Z	0.3479	0	0	0	0
2026-07-19T05:00Z	0.3479	0	0	0	0
2026-07-19T06:00Z	0.3479	0	0	0	0
2026-07-19T07:00Z	0.3479	0	0	0	0
2026-07-19T08:00Z	0.3479	0	0	0	0
2026-07-19T09:00Z	0.3479	0	0	0	0
2026-07-19T10:00Z	0.3479	0	0	0	0
2026-07-19T11:00Z	0.3479	0	0	0	0
2026-07-19T12:00Z	0.3479	0	0	0	0
2026-07-19T13:00Z	0.3479	0	0	0	0
2026-07-19T14:00Z	0.3479	0	0	0	0
2026-07-19T15:00Z	0.3479	0	0	0	0
2026-07-19T16:00Z	0.3479	0	0	0	0
2026-07-19T17:00Z	0.3479	0	0	0	0
2026-07-19T18:00Z	0.3479	0	0	0	0
2026-07-19T19:00Z	0.3479	0	0	0	0
2026-07-19T20:00Z	0.3479	0	0	0	0
2026-07-19T21:00Z	0.3479	0	0	0	0
2026-07-19T22:00Z	0.3479	0	0	0	0
2026-07-19T23:00Z	0.3479	0	0	0	0
2026-07-20T00:00Z	0.3479	0	0	0	0
2026-07-20T01:00Z	0.3479	0	0	0	0
2026-07-20T02:00Z	0.3479	0	0	0	0
2026-07-20T03:00Z	0.3479	0	0	0	0
2026-07-20T04:00Z	0.3479	0	0	0	0
2026-07-20T05:00Z	0.3479	0	0	0	0
2026-07-20T06:00Z	0.3479	0	0	0	0
2026-07-20T07:00Z	0.3479	0	0	0	0
2026-07-20T08:00Z	0.3479	0	0	0	0
2026-07-20T09:00Z	0.3479	0	0	0	0
2026-07-20T10:00Z	0.3479	0	0	0	0
2026-07-20T11:00Z	0.3479	0	0	0	0
2026-07-20T12:00Z	0.3479	0	0	0	0
2026-07-20T13:00Z	0.3479	0	0	0	0
2026-07-20T14:00Z	0.3479	0	0	0	0
2026-07-20T15:00Z	0.3479	0	0	0	0
2026-07-20T16:00Z	0.3479	0	0	0	0
2026-07-21T14:00Z	1.8379	321	11478	38123	2631425
2026-07-21T15:00Z	1.8379	321	11478	38123	2631425
2026-07-21T16:00Z	1.8379	321	11478	38123	2631425
2026-07-21T17:00Z	1.8379	321	11478	38123	2631425
2026-07-21T18:00Z	1.8379	321	11478	38123	2631425
2026-07-21T19:00Z	1.8379	321	11478	38123	2631425
2026-07-21T20:00Z	1.8379	321	11478	38123	2631425
2026-07-21T21:00Z	1.8379	321	11478	38123	2631425
2026-07-21T22:00Z	1.8379	321	11478	38123	2631425
2026-07-21T23:00Z	1.8379	321	11478	38123	2631425
2026-07-22T00:00Z	1.8379	321	11478	38123	2631425
2026-07-22T01:00Z	1.8379	321	11478	38123	2631425
2026-07-22T02:00Z	1.8379	321	11478	38123	2631425
2026-07-22T03:00Z	1.8379	321	11478	38123	2631425
2026-07-22T04:00Z	1.8379	321	11478	38123	2631425
2026-07-22T05:00Z	1.8379	321	11478	38123	2631425
2026-07-22T06:00Z	1.8379	321	11478	38123	2631425
2026-07-22T07:00Z	1.8379	321	11478	38123	2631425
2026-07-22T08:00Z	1.8379	321	11478	38123	2631425
2026-07-22T09:00Z	1.8379	321	11478	38123	2631425
2026-07-22T10:00Z	1.8379	321	11478	38123	2631425
2026-07-22T11:00Z	1.8379	321	11478	38123	2631425
2026-07-22T12:00Z	1.8379	321	11478	38123	2631425
2026-07-22T13:00Z	1.8379	321	11478	38123	2631425
2026-07-22T14:00Z	1.7132	67	6604	33365	1806783
2026-07-22T15:00Z	1.7132	67	6604	33365	1806783
2026-07-22T16:00Z	1.7132	67	6604	33365	1806783
2026-07-22T17:00Z	1.7132	67	6604	33365	1806783
2026-07-22T18:00Z	1.7132	67	6604	33365	1806783
2026-07-22T19:00Z	1.7132	67	6604	33365	1806783
2026-07-22T20:00Z	1.7132	67	6604	33365	1806783
2026-07-22T21:00Z	1.7132	67	6604	33365	1806783
2026-07-22T22:00Z	1.7132	67	6604	33365	1806783
2026-07-22T23:00Z	1.7132	67	6604	33365	1806783
2026-07-23T00:00Z	1.7132	67	6604	33365	1806783
2026-07-23T01:00Z	1.7132	67	6604	33365	1806783
2026-07-23T02:00Z	1.7132	67	6604	33365	1806783
2026-07-23T03:00Z	1.7132	67	6604	33365	1806783
2026-07-23T04:00Z	1.7132	67	6604	33365	1806783
2026-07-23T05:00Z	1.7132	67	6604	33365	1806783
2026-07-23T06:00Z	1.7132	67	6604	33365	1806783
2026-07-23T13:00Z	2.6162	142	6617	39403	2002497
2026-07-23T14:00Z	2.6162	142	6617	39403	2002497
2026-07-23T15:00Z	2.6162	142	6617	39403	2002497
2026-07-23T16:00Z	2.6162	142	6617	39403	2002497
2026-07-23T17:00Z	2.6162	142	6617	39403	2002497
2026-07-23T18:00Z	2.6162	142	6617	39403	2002497
2026-07-23T19:00Z	2.6162	142	6617	39403	2002497
2026-07-23T20:00Z	2.6162	142	6617	39403	2002497
2026-07-23T21:00Z	2.6162	142	6617	39403	2002497
2026-07-23T22:00Z	2.6162	142	6617	39403	2002497
2026-07-23T23:00Z	2.6162	142	6617	39403	2002497
2026-07-24T00:00Z	2.6162	142	6617	39403	2002497
2026-07-24T01:00Z	2.6162	142	6617	39403	2002497
2026-07-24T02:00Z	2.6162	142	6617	39403	2002497
2026-07-24T03:00Z	2.6162	142	6617	39403	2002497
2026-07-24T04:00Z	2.6162	142	6617	39403	2002497
2026-07-24T05:00Z	2.6162	142	6617	39403	2002497
2026-07-24T06:00Z	2.6162	142	6617	39403	2002497
2026-07-24T07:00Z	2.6162	142	6617	39403	2002497
2026-07-24T08:00Z	2.6162	142	6617	39403	2002497
2026-07-24T09:00Z	2.6162	142	6617	39403	2002497
2026-07-24T10:00Z	2.6162	142	6617	39403	2002497
2026-07-24T11:00Z	2.6162	142	6617	39403	2002497
2026-07-24T12:00Z	2.6162	142	6617	39403	2002497
2026-07-24T13:00Z	11.0993	3525	72548	269894	4530050
2026-07-24T14:00Z	11.0993	3525	72548	269894	4530050
2026-07-24T15:00Z	11.0993	3525	72548	269894	4530050
2026-07-24T16:00Z	5.6751	2989	65461	265543	6880727
2026-07-24T17:00Z	5.6751	2989	65461	265543	6880727
2026-07-24T18:00Z	5.6751	2989	65461	265543	6880727
2026-07-24T19:00Z	5.6751	2989	65461	265543	6880727
2026-07-24T20:00Z	5.6751	2989	65461	265543	6880727
2026-07-24T21:00Z	5.6751	2989	65461	265543	6880727
2026-07-24T22:00Z	5.6751	2989	65461	265543	6880727
2026-07-24T23:00Z	5.6751	2989	65461	265543	6880727
2026-07-25T00:00Z	2.1871	296	10617	141680	6358986
2026-07-25T01:00Z	2.1871	296	10617	141680	6358986
2026-07-25T02:00Z	2.1871	296	10617	141680	6358986
2026-07-25T03:00Z	2.1871	296	10617	141680	6358986
2026-07-25T04:00Z	2.1871	296	10617	141680	6358986
2026-07-25T05:00Z	2.1871	296	10617	141680	6358986
2026-07-25T06:00Z	2.1871	296	10617	141680	6358986
2026-07-25T07:00Z	2.1871	296	10617	141680	6358986
2026-07-25T08:00Z	2.1871	296	10617	141680	6358986
2026-07-25T09:00Z	3.1941	41129	19810	250947	7334030
2026-07-25T10:00Z	2.5030	305	13359	145754	7193401
2026-07-25T11:00Z	3.8698	283	18109	120542	4524699
2026-07-25T12:00Z	40.4918	387	144452	541973	58614237
2026-07-25T13:00Z	18.0871	266	66832	119775	27594810
2026-07-25T14:00Z	35.9404	381	105987	358730	54665757
2026-07-25T15:00Z	22.3134	2703	100756	248519	31843993
2026-07-25T16:00Z	9.0497	162	55166	155348	11527293
2026-07-25T17:00Z	1.0865	17	2245	7110	1747095
2026-07-25T19:00Z	17.8932	156	91100	314379	23602182
2026-07-26T01:00Z	20.5168	122	82638	431950	27260879
2026-07-26T02:00Z	6.8766	41	23788	34194	10714785
2026-07-26T03:00Z	25.4528	135	64580	117111	40951061
2026-07-26T04:00Z	23.2856	110	49254	80080	38293987
2026-07-26T05:00Z	5.9899	833	40507	130095	6932797
2026-07-26T06:00Z	1.4322	695	8761	59356	1232166
2026-07-26T07:00Z	13.4479	5932	65482	298504	18341076
2026-07-26T08:00Z	2.7468	434	7476	51629	4831774
2026-07-26T09:00Z	2.7468	434	7476	51629	4831774
2026-07-26T10:00Z	2.7468	434	7476	51629	4831774
2026-07-26T11:00Z	2.7468	434	7476	51629	4831774
2026-07-26T12:00Z	2.7468	434	7476	51629	4831774
2026-07-26T13:00Z	2.7468	434	7476	51629	4831774
2026-07-26T14:00Z	2.7468	434	7476	51629	4831774
2026-07-26T15:00Z	2.7468	434	7476	51629	4831774
2026-07-26T16:00Z	2.7468	434	7476	51629	4831774
2026-07-26T17:00Z	2.7468	434	7476	51629	4831774
2026-07-26T18:00Z	2.7468	434	7476	51629	4831774
2026-07-26T19:00Z	2.7468	434	7476	51629	4831774
2026-07-26T20:00Z	2.7468	434	7476	51629	4831774
2026-07-26T21:00Z	2.7468	434	7476	51629	4831774
2026-07-26T22:00Z	2.7468	434	7476	51629	4831774
2026-07-26T23:00Z	3.2536	495	8757	67319	5733418
2026-07-27T00:00Z	3.2536	495	8757	67319	5733418
2026-07-27T01:00Z	3.2536	495	8757	67319	5733418
2026-07-27T02:00Z	3.2536	495	8757	67319	5733418
2026-07-27T03:00Z	3.2536	495	8757	67319	5733418
2026-07-27T04:00Z	3.2536	495	8757	67319	5733418
2026-07-27T05:00Z	3.2536	495	8757	67319	5733418
2026-07-27T06:00Z	3.2536	495	8757	67319	5733418
2026-07-27T07:00Z	3.5933	1005	9855	76813	6162934
2026-07-27T08:00Z	3.2536	495	8757	67319	5733418
2026-07-27T09:00Z	0.5068	60	1280	15690	901644
2026-07-27T10:00Z	0.5068	60	1280	15690	901644
2026-07-27T11:00Z	0.5068	60	1280	15690	901644
2026-07-27T12:00Z	0.5068	60	1280	15690	901644
2026-07-27T13:00Z	0.5068	60	1280	15690	901644
2026-07-27T14:00Z	0.5068	60	1280	15690	901644
2026-07-27T15:00Z	0.5068	60	1280	15690	901644
2026-07-27T16:00Z	0.5068	60	1280	15690	901644
2026-07-27T17:00Z	0.5068	60	1280	15690	901644
2026-07-27T18:00Z	0.5068	60	1280	15690	901644
2026-07-27T19:00Z	0.5068	60	1280	15690	901644
2026-07-27T20:00Z	0.5068	60	1280	15690	901644
2026-07-27T21:00Z	0.5068	60	1280	15690	901644
2026-07-27T22:00Z	0.5068	60	1280	15690	901644
2026-07-27T23:00Z	0.5068	60	1280	15690	901644
2026-07-28T00:00Z	0.5068	60	1280	15690	901644
2026-07-28T01:00Z	0.5068	60	1280	15690	901644
2026-07-28T02:00Z	0.5068	60	1280	15690	901644
2026-07-28T03:00Z	0.5068	60	1280	15690	901644
2026-07-28T04:00Z	0.5068	60	1280	15690	901644
2026-07-28T05:00Z	0.5068	60	1280	15690	901644
2026-07-28T06:00Z	0.5068	60	1280	15690	901644
2026-07-28T07:00Z	0.5068	60	1280	15690	901644
2026-07-28T08:00Z	0.5068	60	1280	15690	901644
2026-07-28T09:00Z	0.9483	3518	6341	31859	934582
2026-07-28T10:00Z	0.9483	3518	6341	31859	934582
2026-07-28T11:00Z	3.7960	3697	31752	71029	4575591
2026-07-28T12:00Z	2.8477	179	25411	39170	3641009
2026-07-28T13:00Z	5.4318	1441	28489	80160	7919935
2026-07-28T14:00Z	18.9533	1694	99138	196821	27175231
2026-07-28T15:00Z	31.2462	1700	100403	220568	48860362
2026-07-28T16:00Z	24.7040	178	60977	104776	39942092
2026-07-28T17:00Z	35.9074	197	78921	140737	58686657
2026-07-28T18:00Z	3.6657	19	4422	7063	6264225
2026-07-28T23:00Z	6.7751	444	27915	96728	10338295
2026-07-29T00:00Z	9.5402	1022	42189	129503	14493322
2026-07-29T01:00Z	6.7751	444	27915	96728	10338295
2026-07-29T08:00Z	15.3660	57	14018	639297	18863672
2026-07-29T09:00Z	8.9012	41	12635	22258	15052408
2026-07-29T10:00Z	3.9716	462	12128	110338	5125274
2026-07-29T11:00Z	4.2479	464	12791	110696	5361308
2026-07-29T12:00Z	4.2479	464	12791	110696	5361308
2026-07-29T13:00Z	3.9716	462	12128	110338	5125274
2026-07-29T14:00Z	3.9716	462	12128	110338	5125274
2026-07-29T15:00Z	3.9716	462	12128	110338	5125274
2026-07-29T16:00Z	3.9716	462	12128	110338	5125274
2026-07-29T17:00Z	3.9716	462	12128	110338	5125274
2026-07-29T18:00Z	3.9716	462	12128	110338	5125274
2026-07-29T19:00Z	6.8776	626	19436	195850	7604742
2026-07-29T20:00Z	2.9060	164	7307	85512	2479467
2026-07-29T21:00Z	2.9060	164	7307	85512	2479467
2026-07-29T22:00Z	2.9060	164	7307	85512	2479467
2026-07-29T23:00Z	3.0546	685	12827	73210	4754426
2026-07-30T00:00Z	3.0546	685	12827	73210	4754426
2026-07-30T01:00Z	3.0546	685	12827	73210	4754426
2026-07-30T02:00Z	3.0546	685	12827	73210	4754426
2026-07-30T03:00Z	3.0546	685	12827	73210	4754426
2026-07-30T04:00Z	3.0546	685	12827	73210	4754426
2026-07-30T05:00Z	3.0546	685	12827	73210	4754426
2026-07-30T06:00Z	3.0546	685	12827	73210	4754426
2026-07-30T07:00Z	3.0546	685	12827	73210	4754426
2026-07-30T08:00Z	1.4245	36	2498	24402	2235764
2026-07-30T09:00Z	1.4245	36	2498	24402	2235764
2026-07-30T10:00Z	1.4245	36	2498	24402	2235764
2026-07-30T11:00Z	1.4245	36	2498	24402	2235764
2026-07-30T12:00Z	18.5148	93	26228	722322	22973182
2026-07-30T13:00Z	28.7244	153	51952	99021	47786856
2026-07-30T14:00Z	24.9868	100	41155	58129	42024222
2026-07-30T15:00Z	31.5348	116	45233	74848	53353997
2026-07-30T16:00Z	92.1677	136	49697	8422047	57525595
2026-07-30T17:00Z	23.1624	268	88015	1210054	22008886
2026-07-30T18:00Z	11.0366	124	36789	86368	16872005
2026-07-30T19:00Z	3.3109	14	4546	297623	1989878
2026-07-30T22:00Z	5.6767	34	12187	322857	5534899
2026-07-30T23:00Z	11.0871	90	37667	54771	17313945
2026-07-31T00:00Z	11.1817	80	36312	44869	17675200
2026-07-31T02:00Z	17.9417	102	27531	495146	24608545
2026-07-31T04:00Z	9.0516	36	11080	518530	9196620
2026-07-31T07:00Z	11.5181	46	21243	558773	12608524
2026-07-31T08:00Z	4.7707	26	10448	17843	7809820
2026-07-31T09:00Z	29.2357	84	28389	2228282	23155593
2026-07-31T10:00Z	36.8188	86	30139	3358226	22542773
2026-07-31T11:00Z	47.5272	140	40469	3211229	43066904
2026-07-31T12:00Z	72.9863	160	47155	6171020	51391717
2026-07-31T13:00Z	11.2546	10	4023	1414274	2303567
2026-07-31T16:00Z	40.2167	38	9792	4991618	9236798
2026-07-31T18:00Z	16.9745	14	5338	2163809	3126273
2026-07-31T19:00Z	82.3883	104	37683	9115556	31920058
2026-07-31T20:00Z	8.8197	16	7209	781793	5683667
2026-07-31T22:00Z	12.7396	230	84931	186587	16265141
2026-07-31T23:00Z	8.7778	104	37361	56199	13170005
2026-08-01T03:00Z	5.6018	118	35773	120776	6746359
2026-08-01T04:00Z	9.3468	120	57146	100469	12647582
2026-08-01T05:00Z	21.0388	442	61266	113312	33245381
2026-08-01T06:00Z	8.4978	72	17432	32144	13965225
2026-08-01T07:00Z	10.4243	89	31091	107574	15555497
2026-08-01T10:00Z	8.6669	138	63346	181243	10108500
2026-08-01T11:00Z	15.3772	3968	82527	241726	20388910
2026-08-01T12:00Z	16.0018	160	45381	97022	25213188
2026-08-01T13:00Z	8.2118	48	19244	378944	9026954
2026-08-01T19:00Z	1.0149	629	3075	38114	1394698
2026-08-01T20:00Z	1.0149	629	3075	38114	1394698
2026-08-01T21:00Z	1.0149	629	3075	38114	1394698
2026-08-01T22:00Z	1.0149	629	3075	38114	1394698
2026-08-01T23:00Z	1.0149	629	3075	38114	1394698
2026-08-02T00:00Z	1.0149	629	3075	38114	1394698
2026-08-02T01:00Z	1.0149	629	3075	38114	1394698
2026-08-02T02:00Z	1.0149	629	3075	38114	1394698
2026-08-02T03:00Z	1.0149	629	3075	38114	1394698
2026-08-02T04:00Z	1.0149	629	3075	38114	1394698
2026-08-02T05:00Z	1.0149	629	3075	38114	1394698
2026-08-02T06:00Z	1.0149	629	3075	38114	1394698
2026-08-02T07:00Z	1.0149	629	3075	38114	1394698
2026-08-02T08:00Z	1.0149	629	3075	38114	1394698
2026-08-02T09:00Z	1.0149	629	3075	38114	1394698
2026-08-02T11:00Z	17.2290	304	88481	206818	23884976
2026-08-02T12:00Z	16.7113	286	77318	200434	23594696
2026-08-02T13:00Z	22.5481	240	67191	145733	35252613
2026-08-02T14:00Z	1.2112	10	3664	8224	1886016
2026-08-02T16:00Z	49.6939	320	92136	546751	77673289
2026-08-02T17:00Z	16.7178	213	93244	412552	20159331
2026-08-02T23:00Z	8.1555	54	34257	328497	8805891
2026-08-03T00:00Z	0.8726	8	1446	2687	1458847
2026-08-03T03:00Z	16.9357	2838	83455	371136	22247564
2026-08-03T04:00Z	9.0514	1752	37700	191470	12370953
2026-08-03T06:00Z	10.2530	1640	35834	139110	9841662
2026-08-03T07:00Z	6.0741	1040	12007	17643	5110466
2026-08-03T08:00Z	6.0741	1040	12007	17643	5110466
2026-08-03T09:00Z	6.2343	1291	35517	64927	9381324
2026-08-03T10:00Z	11.4147	1357	57897	480419	12358239
2026-08-03T11:00Z	3.3139	72	13011	28662	4933336
2026-08-03T12:00Z	28.7795	1202	126542	736733	37497006
2026-08-03T13:00Z	5.7950	406	21283	89211	9695825
2026-08-03T14:00Z	5.7950	406	21283	89211	9695825
2026-08-03T15:00Z	5.7950	406	21283	89211	9695825
2026-08-03T16:00Z	15.5390	2207	63670	239350	24043546
2026-08-03T17:00Z	9.7439	1801	42387	150139	14347721
2026-08-03T18:00Z	20.5404	2175	93490	300960	30365263
2026-08-03T19:00Z	41.4872	2005	153222	469202	65909209
2026-08-03T20:00Z	11.9602	177	64264	234485	15302633
2026-08-03T22:00Z	9.5100	77	23926	291849	12209405
2026-08-03T23:00Z	0.5882	5	1115	1648	978500
2026-08-04T03:00Z	0.1757	38	991	5724	198935
2026-08-04T04:00Z	0.1757	38	991	5724	198935
2026-08-04T05:00Z	0.1757	38	991	5724	198935
2026-08-04T06:00Z	0.1757	38	991	5724	198935
2026-08-04T07:00Z	0.1757	38	991	5724	198935
2026-08-04T08:00Z	0.1757	38	991	5724	198935
2026-08-04T09:00Z	0.1757	38	991	5724	198935
2026-08-04T10:00Z	0.1757	38	991	5724	198935
2026-08-04T11:00Z	0.1757	38	991	5724	198935
2026-08-04T12:00Z	0.1757	38	991	5724	198935
2026-08-04T13:00Z	1.3289	83	10662	43063	1475087
2026-08-04T14:00Z	3.6742	129	29791	75966	4312843
2026-08-04T15:00Z	6.7627	3894	45240	84606	8933549
2026-08-04T16:00Z	0.5980	64	2345	14907	932474
2026-08-04T17:00Z	0.5980	64	2345	14907	932474
2026-08-04T18:00Z	0.5980	64	2345	14907	932474
2026-08-04T19:00Z	0.5980	64	2345	14907	932474
2026-08-04T20:00Z	0.5980	64	2345	14907	932474
2026-08-04T21:00Z	0.5980	64	2345	14907	932474
2026-08-04T22:00Z	0.5980	64	2345	14907	932474
2026-08-04T23:00Z	3.5092	89	9929	197869	3486652
2026-08-05T00:00Z	2.7588	88	12652	42647	3945024
2026-08-05T01:00Z	0.5980	64	2345	14907	932474
2026-08-05T02:00Z	0.5980	64	2345	14907	932474
2026-08-05T03:00Z	0.5980	64	2345	14907	932474
2026-08-05T04:00Z	11.8888	1745	44503	401103	14228333
2026-08-05T05:00Z	0.5980	64	2345	14907	932474
2026-08-05T06:00Z	0.4223	25	1354	9183	733539
2026-08-05T07:00Z	0.4223	25	1354	9183	733539
2026-08-05T08:00Z	0.4223	25	1354	9183	733539
2026-08-05T09:00Z	0.9669	296	7041	32354	1335538
2026-08-05T10:00Z	17.9444	466	53153	543834	23081017
2026-08-05T11:00Z	34.8261	231	80727	131191	56776315
2026-08-05T12:00Z	28.2264	430	85593	219074	45274405
2026-08-05T13:00Z	6.1030	313	29530	126471	9561615
2026-08-05T21:00Z	1.0915	121	5242	31595	1287811
2026-08-05T22:00Z	1.0915	121	5242	31595	1287811
2026-08-05T23:00Z	1.0915	121	5242	31595	1287811
2026-08-06T00:00Z	1.0915	121	5242	31595	1287811
2026-08-06T01:00Z	1.0915	121	5242	31595	1287811
2026-08-06T02:00Z	1.0071	1225	2003	40226	1779629
2026-08-06T03:00Z	1.0071	1225	2003	40226	1779629
2026-08-06T04:00Z	1.0071	1225	2003	40226	1779629
2026-08-06T05:00Z	1.0071	1225	2003	40226	1779629
2026-08-06T06:00Z	1.0071	1225	2003	40226	1779629
2026-08-06T07:00Z	1.0071	1225	2003	40226	1779629
2026-08-06T08:00Z	1.0071	1225	2003	40226	1779629
2026-08-06T09:00Z	1.0071	1225	2003	40226	1779629
2026-08-06T10:00Z	1.0071	1225	2003	40226	1779629
2026-08-06T11:00Z	1.0071	1225	2003	40226	1779629
2026-08-06T12:00Z	1.0071	1225	2003	40226	1779629
2026-08-06T13:00Z	6.3513	6215	42958	188948	7407003
2026-08-06T14:00Z	26.9723	1504	77330	211406	42435117
2026-08-06T15:00Z	18.8057	1369	35821	97810	31286388
2026-08-06T16:00Z	30.2359	1401	75304	192631	48624717
2026-08-06T17:00Z	19.6356	1321	42245	106141	32349791
2026-08-06T18:00Z	1.0071	1225	2003	40226	1779629
2026-08-06T19:00Z	1.0071	1225	2003	40226	1779629
2026-08-06T20:00Z	1.0071	1225	2003	40226	1779629
2026-08-06T21:00Z	1.0071	1225	2003	40226	1779629
2026-08-06T22:00Z	1.0071	1225	2003	40226	1779629
2026-08-06T23:00Z	19.7812	77	25144	639299	26225101
2026-08-07T00:00Z	19.3533	85	37534	65802	32006919
2026-08-07T02:00Z	16.0892	49	14413	733868	18958836
2026-08-07T03:00Z	22.6124	90	34181	51375	38199482
2026-08-07T04:00Z	15.2015	59	20869	27498	25873647
2026-08-07T05:00Z	44.4374	159	46687	2454963	46507013
2026-08-07T06:00Z	9.4535	115	31699	128487	13761175
2026-08-07T07:00Z	14.5866	200	46812	99463	22572748
2026-08-07T08:00Z	12.9572	125	39800	87249	20154718
2026-08-07T09:00Z	8.1401	69	20917	30374	13171630
2026-08-07T10:00Z	16.2080	119	37916	72946	26257529
2026-08-07T11:00Z	11.8024	80	18109	34130	19832677
2026-08-07T12:00Z	13.7291	85	21359	40872	23041206
2026-08-07T13:00Z	12.3005	51	16700	538861	14487674
2026-08-07T14:00Z	1.3985	8	3240	3870	2297432
2026-08-07T16:00Z	33.1853	150	56064	631011	48820006
2026-08-07T17:00Z	27.3248	123	44603	73364	45854129
2026-08-07T18:00Z	32.6374	130	60738	93893	54317814
2026-08-07T19:00Z	117.4513	148	55387	12256101	54657263
2026-08-07T20:00Z	53.9721	123	63186	2811488	58485842
2026-08-07T21:00Z	15.4236	190	63313	260973	21229863
2026-08-08T00:00Z	2.7748	32	3654	151763	2896078
2026-08-08T01:00Z	2.7095	40	9623	20528	4120935
2026-08-08T02:00Z	16.0680	151	53402	501442	19875665
2026-08-08T03:00Z	7.0408	59	40192	53892	9942576
2026-08-08T04:00Z	20.9212	149	64742	116075	32829213
2026-08-08T06:00Z	13.8436	233	72166	321590	17195616
2026-08-08T07:00Z	19.8397	174	60795	412417	27382513
2026-08-08T08:00Z	10.3660	85	22526	54505	16781173
2026-08-08T11:00Z	0.6362	171	392	46815	314828
2026-08-08T12:00Z	0.6362	171	392	46815	314828
2026-08-08T13:00Z	0.6362	171	392	46815	314828
2026-08-08T14:00Z	5.0520	630	13499	85071	9233089
2026-08-08T15:00Z	5.0520	630	13499	85071	9233089
2026-08-08T16:00Z	5.0520	630	13499	85071	9233089
2026-08-08T17:00Z	5.0520	630	13499	85071	9233089
2026-08-08T18:00Z	5.0520	630	13499	85071	9233089
2026-08-08T19:00Z	5.4544	636	14430	126400	9391434
2026-08-08T20:00Z	21.7821	270	80002	221901	32286040
2026-08-09T00:00Z	10.5345	424	44064	437390	11106895
2026-08-09T01:00Z	2.5940	294	13726	47903	3533641
2026-08-09T02:00Z	2.2159	291	8913	38409	3214977
2026-08-09T03:00Z	2.2159	291	8913	38409	3214977
2026-08-09T04:00Z	3.4930	293	20442	172797	3248935
2026-08-09T05:00Z	14.5723	404	58759	539055	16622717
2026-08-09T06:00Z	13.1037	11964	61347	165970	18237608
2026-08-09T07:00Z	10.1362	103	24629	416465	11739296
2026-08-09T08:00Z	6.5091	68	26160	39091	9875705
2026-08-09T09:00Z	5.6846	39	11673	278803	6125356
2026-08-09T10:00Z	15.0215	139	49772	117854	22975475
2026-08-09T11:00Z	16.2405	113	32869	69999	26605042
2026-08-09T12:00Z	10.5781	184	58767	164037	13979432
2026-08-09T13:00Z	19.5699	183	48328	728058	23576487
2026-08-09T14:00Z	22.4367	171	60223	440546	31716820
2026-08-09T15:00Z	33.4036	202	53523	564188	50173227
2026-08-09T16:00Z	27.6849	399	108550	288684	40874589
2026-08-09T17:00Z	1.1951	102	3252	14981	2058696
2026-08-09T18:00Z	0.8181	99	1920	13962	1461905
2026-08-09T19:00Z	0.8181	99	1920	13962	1461905
2026-08-09T20:00Z	0.8181	99	1920	13962	1461905
2026-08-09T21:00Z	0.8181	99	1920	13962	1461905
2026-08-09T22:00Z	0.8181	99	1920	13962	1461905
2026-08-09T23:00Z	0.8181	99	1920	13962	1461905
2026-08-10T00:00Z	14.4886	1565	59278	198968	20782590
2026-08-10T01:00Z	10.9243	236	63900	169888	14536388
2026-08-10T02:00Z	11.1237	239	37828	248935	15209350
2026-08-10T03:00Z	13.1947	202	71514	467454	14507943
2026-08-10T04:00Z	0.8181	99	1920	13962	1461905
2026-08-10T05:00Z	0.8181	99	1920	13962	1461905
2026-08-10T06:00Z	7.9383	136	26892	538067	6430643
2026-08-10T07:00Z	7.3965	146	44759	85222	10225971
2026-08-10T08:00Z	0.8181	99	1920	13962	1461905
2026-08-10T09:00Z	0.8181	99	1920	13962	1461905
2026-08-10T10:00Z	0.8181	99	1920	13962	1461905
2026-08-10T11:00Z	8.0262	139	17515	370236	9154840
2026-08-10T12:00Z	22.8817	219	51575	821603	28449880
2026-08-10T13:00Z	2.8069	105	4869	243047	2017479
2026-08-10T14:00Z	37.0783	331	74602	991133	50637462
2026-08-10T15:00Z	17.8628	186	23598	514300	24689863
2026-08-10T16:00Z	0.8181	99	1920	13962	1461905
2026-08-10T17:00Z	0.8181	99	1920	13962	1461905
2026-08-10T18:00Z	0.8181	99	1920	13962	1461905
2026-08-10T19:00Z	0.8181	99	1920	13962	1461905
2026-08-10T20:00Z	0.8181	99	1920	13962	1461905
2026-08-10T21:00Z	0.8181	99	1920	13962	1461905
2026-08-10T22:00Z	0.8181	99	1920	13962	1461905
2026-08-10T23:00Z	0.8181	99	1920	13962	1461905
2026-08-11T00:00Z	0.8181	99	1920	13962	1461905
2026-08-11T01:00Z	0.8181	99	1920	13962	1461905
2026-08-11T02:00Z	0.8181	99	1920	13962	1461905
2026-08-11T03:00Z	0.8181	99	1920	13962	1461905
2026-08-11T04:00Z	0.8181	99	1920	13962	1461905
2026-08-11T05:00Z	0.8181	99	1920	13962	1461905
2026-08-11T06:00Z	0.8181	99	1920	13962	1461905
2026-08-11T07:00Z	0.8181	99	1920	13962	1461905
2026-08-11T08:00Z	0.8181	99	1920	13962	1461905
2026-08-11T09:00Z	0.8181	99	1920	13962	1461905
2026-08-11T10:00Z	0.8181	99	1920	13962	1461905
2026-08-11T11:00Z	0.8181	99	1920	13962	1461905
2026-08-11T12:00Z	0.8181	99	1920	13962	1461905
2026-08-11T13:00Z	0.8181	99	1920	13962	1461905
2026-08-11T14:00Z	0.8181	99	1920	13962	1461905
2026-08-11T15:00Z	6.0226	37	14979	304300	6247408
2026-08-11T16:00Z	3.8191	33	8676	14817	6229576
2026-08-11T17:00Z	12.3726	217	35710	451074	15095485
2026-08-11T18:00Z	8.4610	184	20978	459681	8710064
2026-08-11T19:00Z	8.5204	202	27901	114755	12781823
2026-08-11T20:00Z	5.1432	177	16873	97275	7495361
2026-08-11T21:00Z	5.1432	177	16873	97275	7495361
2026-08-11T22:00Z	5.1432	177	16873	97275	7495361
2026-08-11T23:00Z	5.1432	177	16873	97275	7495361
2026-08-12T00:00Z	5.1432	177	16873	97275	7495361
2026-08-12T01:00Z	5.1432	177	16873	97275	7495361
2026-08-12T02:00Z	5.1432	177	16873	97275	7495361
2026-08-12T03:00Z	5.1432	177	16873	97275	7495361
2026-08-12T04:00Z	5.1432	177	16873	97275	7495361
2026-08-12T05:00Z	10.8707	57	22189	421657	13114003
2026-08-12T06:00Z	22.2853	139	44087	84900	36698060
2026-08-12T07:00Z	12.8398	53	23523	550491	14968267
2026-08-12T08:00Z	19.0752	78	43051	608825	24444490
2026-08-12T09:00Z	19.0934	127	66712	764182	21351655
2026-08-12T10:00Z	31.6822	352	77770	691488	44281158
2026-08-12T12:00Z	2.5834	5451	12543	35312	4016856
2026-08-12T13:00Z	2.5834	5451	12543	35312	4016856
2026-08-12T14:00Z	2.5834	5451	12543	35312	4016856
2026-08-12T15:00Z	2.5834	5451	12543	35312	4016856
2026-08-12T16:00Z	5.5271	5502	32517	141874	6964692
2026-08-12T17:00Z	5.1106	5498	21151	57527	7840430
2026-08-12T18:00Z	2.5834	5451	12543	35312	4016856
2026-08-12T19:00Z	2.5834	5451	12543	35312	4016856
2026-08-12T20:00Z	2.5834	5451	12543	35312	4016856
2026-08-12T21:00Z	2.5834	5451	12543	35312	4016856
2026-08-12T22:00Z	2.5834	5451	12543	35312	4016856
2026-08-12T23:00Z	2.5834	5451	12543	35312	4016856
2026-08-13T00:00Z	12.1190	5985	29368	165679	10098505
2026-08-13T01:00Z	9.5356	534	16825	130366	6081649
2026-08-13T02:00Z	9.5356	534	16825	130366	6081649
2026-08-13T03:00Z	4.4272	1375	25981	170117	5206192
2026-08-13T04:00Z	1.9449	1328	12245	43954	3018928
2026-08-13T05:00Z	19.6736	1556	88462	392992	26636194
2026-08-13T06:00Z	16.5148	1471	45132	109088	26687719
2026-08-13T07:00Z	25.7111	1508	71841	139337	41465679
2026-08-13T08:00Z	6.9682	1360	16164	51389	11738168
2026-08-13T09:00Z	16.0899	1397	31805	507219	21616113
2026-08-13T10:00Z	28.5808	1452	42956	698469	41067768
2026-08-13T11:00Z	16.8348	1534	73145	513412	20806156
2026-08-13T12:00Z	10.4251	1428	29987	88305	16784277
2026-08-13T13:00Z	1.4887	1322	3657	36720	2720672
2026-08-13T14:00Z	1.4887	1322	3657	36720	2720672
2026-08-13T15:00Z	1.4887	1322	3657	36720	2720672
2026-08-13T16:00Z	8.7655	3422	44232	208471	11789563
2026-08-13T17:00Z	1.4887	1322	3657	36720	2720672
2026-08-13T18:00Z	5.2740	1407	26650	131731	7170837
2026-08-13T19:00Z	20.8912	3092	71654	501188	28250004
2026-08-13T20:00Z	28.7000	4118	139671	536334	39404039
2026-08-13T21:00Z	27.1500	4015	100560	505551	38965635
2026-08-13T22:00Z	15.3912	1679	54922	527940	18097688
2026-08-13T23:00Z	2.8709	1539	5427	24453	4513691
2026-08-14T00:00Z	0.2366	1518	837	14194	147380
2026-08-14T01:00Z	0.2366	1518	837	14194	147380
2026-08-14T02:00Z	0.2366	1518	837	14194	147380
2026-08-14T03:00Z	0.2366	1518	837	14194	147380
2026-08-14T04:00Z	20.5292	1896	47816	550781	29379251
2026-08-14T05:00Z	12.8435	1853	37785	149917	21108992
2026-08-14T06:00Z	31.3861	5469	131057	878719	40559253
2026-08-14T07:00Z	19.3632	1956	58094	199815	31160816
2026-08-14T08:00Z	17.8463	2521	81276	336175	26791513
2026-08-14T09:00Z	17.6590	2438	81535	413777	25473354
2026-08-14T10:00Z	33.3037	1306	124002	418113	52404775
2026-08-14T11:00Z	41.0412	1299	108994	758408	62777421
2026-08-14T12:00Z	52.5408	1247	91330	3335225	52073449
2026-08-14T13:00Z	45.5897	632	53996	4313191	28036077
2026-08-14T14:00Z	14.0003	30	10360	1425380	6771738
2026-08-14T15:00Z	0.3067	2	456	656	519044
2026-08-14T17:00Z	31.5419	10390	130113	945024	38722891
2026-08-14T18:00Z	100.5947	9611	364314	1253365	171571804
2026-08-14T19:00Z	103.0654	2509	314088	1235531	178951958
2026-08-14T20:00Z	90.0079	2481	266510	1282381	158477195
2026-08-14T21:00Z	55.7101	3024	245520	760893	83896072
2026-08-14T22:00Z	40.4241	12156	183354	541119	62447198
2026-08-14T23:00Z	2.0370	1736	17108	60922	1982848
2026-08-15T05:00Z	17.9969	2749	69713	173361	29205214
2026-08-15T06:00Z	16.5495	2696	60841	125420	27713211
2026-08-15T07:00Z	16.5495	2696	60841	125420	27713211
2026-08-15T08:00Z	19.0359	5978	70638	264760	29376671
2026-08-15T09:00Z	16.0920	3359	54920	200074	25478543
2026-08-15T10:00Z	15.4430	2849	53821	146182	25318522
2026-08-15T11:00Z	16.2138	3359	58996	201894	25481936
2026-08-15T12:00Z	11.7568	576	79599	205993	14814724
2026-08-15T13:00Z	3.1759	435	7504	58734	4873230
2026-08-15T14:00Z	17.4003	662	81826	381377	22630811
2026-08-15T15:00Z	18.6762	615	72697	232388	26971007
2026-08-15T16:00Z	14.8394	538	42657	116288	23311699
2026-08-15T17:00Z	35.5905	2399	128860	379290	57212804
2026-08-15T18:00Z	25.3547	1789	89075	201286	42574174
2026-08-15T19:00Z	3.6889	823	10661	37143	6455952
2026-08-15T20:00Z	3.6889	823	10661	37143	6455952
2026-08-15T21:00Z	3.6889	823	10661	37143	6455952
2026-08-15T22:00Z	3.6889	823	10661	37143	6455952
2026-08-15T23:00Z	3.6889	823	10661	37143	6455952
2026-08-16T00:00Z	3.6889	823	10661	37143	6455952
2026-08-16T01:00Z	3.6889	823	10661	37143	6455952
2026-08-16T02:00Z	3.6889	823	10661	37143	6455952
2026-08-16T03:00Z	3.6889	823	10661	37143	6455952
2026-08-16T04:00Z	3.6889	823	10661	37143	6455952
2026-08-16T05:00Z	18.1015	1355	73159	237756	28138675
2026-08-16T06:00Z	18.1015	1355	73159	237756	28138675
2026-08-16T07:00Z	3.6889	823	10661	37143	6455952
2026-08-16T08:00Z	3.6889	823	10661	37143	6455952
2026-08-16T09:00Z	3.6889	823	10661	37143	6455952
2026-08-16T10:00Z	4.3407	1170	19919	57903	7082645
2026-08-16T11:00Z	4.3407	1170	19919	57903	7082645
2026-08-16T12:00Z	4.3407	1170	19919	57903	7082645
2026-08-16T13:00Z	3.6889	823	10661	37143	6455952
2026-08-16T14:00Z	9.3166	1465	55270	151230	13771521
2026-08-16T15:00Z	28.1142	3926	168871	488892	38908767
2026-08-16T16:00Z	32.3935	4728	137377	413605	50628694
2026-08-16T17:00Z	25.7534	3424	93036	299133	41245570
2026-08-16T18:00Z	2.8712	200	12015	52744	4492182
2026-08-16T19:00Z	19.6394	465	115021	306130	26242945
2026-08-16T20:00Z	23.3318	409	96570	246738	34530078
2026-08-16T21:00Z	24.6138	347	68098	176254	39134421
2026-08-16T22:00Z	2.8712	200	12015	52744	4492182
2026-08-16T23:00Z	16.2198	260	39318	558220	20746404
2026-08-17T00:00Z	2.8712	200	12015	52744	4492182
2026-08-17T01:00Z	37.5467	369	63692	650642	56617642
2026-08-17T02:00Z	14.7879	257	34123	95017	24228433
2026-08-17T03:00Z	3.8906	717	20958	95779	5946063
2026-08-17T04:00Z	3.8906	717	20958	95779	5946063
2026-08-17T05:00Z	2.6765	161	10929	36758	4388396
2026-08-17T06:00Z	2.6765	161	10929	36758	4388396
2026-08-17T07:00Z	2.6765	161	10929	36758	4388396
2026-08-17T08:00Z	16.9736	381	65620	253116	24586654
2026-08-17T09:00Z	2.6765	161	10929	36758	4388396
2026-08-17T10:00Z	18.7628	399	58417	380321	26504499
2026-08-17T11:00Z	9.2503	320	26344	71946	14904508
2026-08-17T12:00Z	3.8804	276	13902	49595	6176562
2026-08-17T13:00Z	3.8804	276	13902	49595	6176562
2026-08-17T14:00Z	3.8804	276	13902	49595	6176562
2026-08-17T15:00Z	3.8804	276	13902	49595	6176562
2026-08-17T16:00Z	3.8804	276	13902	49595	6176562
2026-08-17T17:00Z	3.8804	276	13902	49595	6176562
2026-08-17T18:00Z	3.8804	276	13902	49595	6176562
2026-08-17T19:00Z	3.8804	276	13902	49595	6176562
2026-08-17T20:00Z	3.8804	276	13902	49595	6176562
2026-08-17T21:00Z	3.8804	276	13902	49595	6176562
2026-08-17T22:00Z	2.5839	124	13386	122747	2368247
2026-08-17T23:00Z	16.3899	327	93501	250448	21522939
2026-08-18T00:00Z	1.2039	115	2972	12836	1788165
2026-08-18T01:00Z	1.2039	115	2972	12836	1788165
2026-08-18T02:00Z	13.4156	222	41279	296204	18229318
2026-08-18T03:00Z	1.2039	115	2972	12836	1788165
2026-08-18T04:00Z	1.2039	115	2972	12836	1788165
2026-08-18T05:00Z	1.2039	115	2972	12836	1788165
2026-08-18T06:00Z	13.0849	196	42227	367821	16693780
2026-08-18T07:00Z	11.5073	190	28996	56936	18412389
2026-08-18T08:00Z	1.2039	115	2972	12836	1788165
2026-08-18T09:00Z	1.2039	115	2972	12836	1788165
2026-08-18T10:00Z	1.2039	115	2972	12836	1788165
2026-08-18T11:00Z	11.6892	164	30303	472113	13483819
2026-08-18T12:00Z	7.8091	155	20435	36999	12457850
2026-08-18T13:00Z	1.2039	115	2972	12836	1788165
2026-08-18T14:00Z	1.2039	115	2972	12836	1788165
2026-08-18T15:00Z	1.2039	115	2972	12836	1788165
2026-08-18T16:00Z	1.2039	115	2972	12836	1788165
2026-08-18T17:00Z	1.2039	115	2972	12836	1788165
2026-08-18T18:00Z	1.2039	115	2972	12836	1788165
2026-08-18T19:00Z	1.2039	115	2972	12836	1788165
2026-08-18T20:00Z	1.2039	115	2972	12836	1788165
2026-08-18T21:00Z	1.2039	115	2972	12836	1788165
2026-08-18T22:00Z	1.2039	115	2972	12836	1788165
2026-08-18T23:00Z	1.2039	115	2972	12836	1788165
2026-08-19T00:00Z	1.2039	115	2972	12836	1788165
2026-08-19T01:00Z	1.2039	115	2972	12836	1788165
2026-08-19T02:00Z	1.2039	115	2972	12836	1788165
2026-08-19T03:00Z	1.2039	115	2972	12836	1788165
2026-08-19T04:00Z	1.2039	115	2972	12836	1788165
2026-08-19T05:00Z	1.2039	115	2972	12836	1788165
2026-08-19T06:00Z	1.2039	115	2972	12836	1788165
2026-08-19T07:00Z	1.2039	115	2972	12836	1788165
2026-08-19T08:00Z	1.2039	115	2972	12836	1788165
2026-08-19T09:00Z	1.2039	115	2972	12836	1788165
2026-08-19T10:00Z	1.2039	115	2972	12836	1788165
2026-08-19T11:00Z	1.2039	115	2972	12836	1788165
2026-08-19T12:00Z	1.2039	115	2972	12836	1788165
2026-08-19T13:00Z	1.2039	115	2972	12836	1788165
2026-08-19T14:00Z	1.2039	115	2972	12836	1788165
2026-08-19T15:00Z	1.2039	115	2972	12836	1788165
2026-08-19T16:00Z	1.2039	115	2972	12836	1788165
2026-08-19T17:00Z	1.2039	115	2972	12836	1788165
2026-08-19T18:00Z	8.1600	242	11158	46973	6858701
2026-08-19T19:00Z	8.1600	242	11158	46973	6858701
2026-08-19T20:00Z	6.9561	127	8186	34136	5070536
2026-08-19T21:00Z	6.9561	127	8186	34136	5070536
2026-08-19T22:00Z	6.9561	127	8186	34136	5070536
2026-08-19T23:00Z	6.9561	127	8186	34136	5070536
2026-08-20T00:00Z	6.9561	127	8186	34136	5070536
2026-08-20T01:00Z	6.9561	127	8186	34136	5070536
2026-08-20T02:00Z	6.9561	127	8186	34136	5070536
2026-08-20T03:00Z	6.9561	127	8186	34136	5070536
2026-08-20T04:00Z	6.9561	127	8186	34136	5070536
2026-08-20T05:00Z	6.9561	127	8186	34136	5070536
2026-08-20T06:00Z	6.9561	127	8186	34136	5070536
2026-08-20T07:00Z	6.9561	127	8186	34136	5070536
2026-08-20T08:00Z	6.9561	127	8186	34136	5070536
2026-08-20T09:00Z	6.9561	127	8186	34136	5070536
2026-08-20T10:00Z	6.9561	127	8186	34136	5070536
2026-08-20T11:00Z	6.9561	127	8186	34136	5070536
2026-08-20T12:00Z	6.9561	127	8186	34136	5070536
2026-08-20T13:00Z	6.9561	127	8186	34136	5070536
2026-08-20T15:00Z	11.8761	173	10223	25869	4089660
2026-08-20T16:00Z	11.8761	173	10223	25869	4089660
2026-08-20T17:00Z	16.3307	1496	61861	137896	8082758
2026-08-20T18:00Z	11.8761	173	10223	25869	4089660
2026-08-20T19:00Z	11.8761	173	10223	25869	4089660
2026-08-20T20:00Z	11.8761	173	10223	25869	4089660
2026-08-20T21:00Z	11.8761	173	10223	25869	4089660
2026-08-20T22:00Z	11.8761	173	10223	25869	4089660
2026-08-20T23:00Z	11.8761	173	10223	25869	4089660
2026-08-21T00:00Z	11.8761	173	10223	25869	4089660
2026-08-21T01:00Z	11.8761	173	10223	25869	4089660
2026-08-21T02:00Z	11.8761	173	10223	25869	4089660
2026-08-21T03:00Z	11.8761	173	10223	25869	4089660
2026-08-21T04:00Z	11.8761	173	10223	25869	4089660
2026-08-21T05:00Z	11.8761	173	10223	25869	4089660
2026-08-21T06:00Z	11.8761	173	10223	25869	4089660
2026-08-21T07:00Z	11.8761	173	10223	25869	4089660
2026-08-21T08:00Z	11.8761	173	10223	25869	4089660
2026-08-21T09:00Z	11.8761	173	10223	25869	4089660
2026-08-21T10:00Z	11.8761	173	10223	25869	4089660
2026-08-21T11:00Z	11.8761	173	10223	25869	4089660
2026-08-21T12:00Z	11.8761	173	10223	25869	4089660
2026-08-21T13:00Z	11.8761	173	10223	25869	4089660
2026-08-21T14:00Z	11.8761	173	10223	25869	4089660
2026-08-21T15:00Z	11.8761	173	10223	25869	4089660
2026-08-21T16:00Z	35.2859	623	30930	149277	15003388
2026-08-21T17:00Z	35.2859	623	30930	149277	15003388
2026-08-21T18:00Z	23.4098	449	20706	123408	10913727
2026-08-21T19:00Z	23.4098	449	20706	123408	10913727
2026-08-21T20:00Z	23.4098	449	20706	123408	10913727
2026-08-21T21:00Z	23.4098	449	20706	123408	10913727
2026-08-21T22:00Z	23.4098	449	20706	123408	10913727
2026-08-21T23:00Z	23.4098	449	20706	123408	10913727
2026-08-22T00:00Z	23.4098	449	20706	123408	10913727
2026-08-22T01:00Z	23.4098	449	20706	123408	10913727
2026-08-22T02:00Z	23.4098	449	20706	123408	10913727
2026-08-22T03:00Z	23.4098	449	20706	123408	10913727
2026-08-22T04:00Z	46.7175	1131	93239	405904	28235048
2026-08-22T05:00Z	23.4098	449	20706	123408	10913727
2026-08-22T06:00Z	23.4098	449	20706	123408	10913727
2026-08-22T07:00Z	23.4098	449	20706	123408	10913727
2026-08-22T08:00Z	23.4098	449	20706	123408	10913727
2026-08-22T09:00Z	23.4098	449	20706	123408	10913727
2026-08-22T10:00Z	35.7746	1113	96338	390683	26509608
2026-08-22T11:00Z	42.7073	785	67401	286070	15442578
2026-08-22T12:00Z	19.2975	336	46694	162662	4528851
2026-08-22T13:00Z	19.2975	336	46694	162662	4528851
2026-08-22T14:00Z	19.2975	336	46694	162662	4528851
2026-08-22T15:00Z	19.2975	336	46694	162662	4528851
2026-08-22T16:00Z	19.2975	336	46694	162662	4528851
2026-08-22T17:00Z	19.2975	336	46694	162662	4528851
2026-08-22T18:00Z	19.2975	336	46694	162662	4528851
2026-08-22T19:00Z	19.2975	336	46694	162662	4528851
2026-08-22T20:00Z	19.2975	336	46694	162662	4528851
2026-08-22T21:00Z	19.2975	336	46694	162662	4528851
2026-08-22T22:00Z	19.2975	336	46694	162662	4528851
2026-08-22T23:00Z	19.2975	336	46694	162662	4528851
2026-08-23T00:00Z	19.2975	336	46694	162662	4528851
2026-08-23T01:00Z	19.2975	336	46694	162662	4528851
2026-08-23T02:00Z	19.2975	336	46694	162662	4528851
2026-08-23T03:00Z	19.2975	336	46694	162662	4528851
2026-08-23T04:00Z	19.2975	336	46694	162662	4528851
2026-08-23T05:00Z	33.9433	4283	80948	367009	32469075
2026-08-23T06:00Z	28.3109	1145	36666	168566	27418642
2026-08-23T07:00Z	28.3109	1145	36666	168566	27418642
2026-08-23T08:00Z	28.3109	1145	36666	168566	27418642
2026-08-23T09:00Z	81.5816	3939	219666	731797	115168491
2026-08-23T10:00Z	53.2707	2794	183000	563230	87749848
2026-08-23T11:00Z	62.0159	16480	203090	666935	90712971
2026-08-23T12:00Z	8.7453	13686	20090	103704	2963122
2026-08-23T13:00Z	15.5769	167	63847	266019	17226299
2026-08-23T14:00Z	41.1075	513	197889	671744	50982776
2026-08-23T15:00Z	22.7863	2836	103294	826053	17906828
2026-08-23T16:00Z	55.9187	1810	393252	1532876	63324336
2026-08-23T17:00Z	23.5178	879	104316	521951	27193708
2026-08-23T18:00Z	21.8148	327	108651	507318	19891651
2026-08-23T19:00Z	31.4199	435	123179	473541	38212257
2026-08-23T20:00Z	9.6054	125	14165	71193	8484597
2026-08-23T21:00Z	7.0184	105	7316	60592	4320381
2026-08-23T22:00Z	7.0184	105	7316	60592	4320381
2026-08-23T23:00Z	20.9829	187	29997	534809	22300897
2026-08-24T00:00Z	3.5812	24	8598	15771	5794943
2026-08-24T01:00Z	12.5866	228	21274	538446	10633891
2026-08-24T02:00Z	4.1971	194	7167	31666	2629252
2026-08-24T03:00Z	4.1971	194	7167	31666	2629252
2026-08-24T04:00Z	4.1971	194	7167	31666	2629252
2026-08-24T05:00Z	4.1971	194	7167	31666	2629252
2026-08-24T06:00Z	4.1971	194	7167	31666	2629252
2026-08-24T07:00Z	4.1971	194	7167	31666	2629252
2026-08-24T08:00Z	4.1971	194	7167	31666	2629252
2026-08-24T09:00Z	4.1971	194	7167	31666	2629252
2026-08-24T10:00Z	4.1971	194	7167	31666	2629252
2026-08-24T11:00Z	4.1971	194	7167	31666	2629252
2026-08-24T12:00Z	27.3689	1114	210335	917534	26584637
2026-08-24T13:00Z	2.0371	208	7834	83704	2006205
2026-08-24T14:00Z	2.0371	208	7834	83704	2006205
2026-08-24T15:00Z	29.7435	612	152843	588272	40073292
2026-08-24T16:00Z	8.1180	2292	82800	187554	8321931
2026-08-24T17:00Z	8.1180	2292	82800	187554	8321931
2026-08-24T18:00Z	37.8962	826	174177	759103	51893263
2026-08-24T19:00Z	2.0371	208	7834	83704	2006205
2026-08-24T20:00Z	2.0371	208	7834	83704	2006205
2026-08-24T21:00Z	2.0371	208	7834	83704	2006205
2026-08-24T22:00Z	2.0371	208	7834	83704	2006205
2026-08-24T23:00Z	34.8471	1243	181975	971622	34322389
2026-08-25T00:00Z	8.5850	839	19631	188414	5583568
2026-08-25T01:00Z	11.4046	843	21225	312006	5984981
2026-08-25T02:00Z	11.4046	843	21225	312006	5984981
2026-08-25T03:00Z	8.5850	839	19631	188414	5583568
2026-08-25T04:00Z	8.5850	839	19631	188414	5583568
2026-08-25T05:00Z	21.0263	1023	110580	541645	18852332
2026-08-25T06:00Z	40.2750	888	97690	470155	42866314
2026-08-25T07:00Z	40.2750	888	97690	470155	42866314
2026-08-25T08:00Z	20.3827	743	58820	272471	26721184
2026-08-25T09:00Z	20.3827	743	58820	272471	26721184
2026-08-25T10:00Z	56.8659	1459	266994	1437704	72040291
2026-08-25T11:00Z	22.5980	1351	84540	489288	31169917
2026-08-25T12:00Z	14.2010	703	37919	197815	22542793
2026-08-25T13:00Z	14.2010	703	37919	197815	22542793
2026-08-25T14:00Z	13.4657	697	36546	145586	22185561
2026-08-25T15:00Z	62.9104	1303	286199	1109381	82845690
2026-08-25T16:00Z	50.6670	1275	194690	1069541	70196082
2026-08-25T17:00Z	14.9617	705	38918	252497	22920635
2026-08-25T18:00Z	13.4657	697	36546	145586	22185561
2026-08-25T19:00Z	30.8909	959	111649	414434	47901202
2026-08-25T20:00Z	96.9463	1734	404869	2668811	120255693
2026-08-25T21:00Z	27.3398	849	83588	657829	32118191
2026-08-25T22:00Z	19.6974	740	52547	297706	25589066
2026-08-25T23:00Z	19.6974	740	52547	297706	25589066
2026-08-26T00:00Z	19.6974	740	52547	297706	25589066
2026-08-26T01:00Z	18.0717	722	46305	256082	24453714
2026-08-26T02:00Z	26.0174	1378	92691	522638	32925173
2026-08-26T03:00Z	18.7511	864	96714	819909	16260371
2026-08-26T04:00Z	1.6359	558	11808	48936	1697796
2026-08-26T05:00Z	1.6359	558	11808	48936	1697796
2026-08-26T06:00Z	7.7902	664	52429	219640	8560331
2026-08-26T07:00Z	32.5512	1070	158571	759321	41977389
2026-08-26T08:00Z	1.6359	558	11808	48936	1697796
2026-08-26T09:00Z	1.6359	558	11808	48936	1697796
2026-08-26T10:00Z	1.6359	558	11808	48936	1697796
2026-08-26T11:00Z	1.6359	558	11808	48936	1697796
2026-08-26T12:00Z	1.6359	558	11808	48936	1697796
2026-08-26T13:00Z	1.6359	558	11808	48936	1697796
2026-08-26T14:00Z	1.6359	558	11808	48936	1697796
2026-08-26T15:00Z	1.6359	558	11808	48936	1697796
2026-08-26T16:00Z	1.6359	558	11808	48936	1697796
2026-08-26T17:00Z	1.6359	558	11808	48936	1697796
2026-08-26T18:00Z	1.6359	558	11808	48936	1697796
2026-08-26T19:00Z	7.9674	690	42389	279916	8210926
2026-08-26T20:00Z	39.3769	966	177672	603352	57794311
2026-08-26T21:00Z	1.6359	558	11808	48936	1697796
2026-08-26T22:00Z	1.6359	558	11808	48936	1697796
2026-08-26T23:00Z	1.6359	558	11808	48936	1697796
2026-08-27T00:00Z	1.6359	558	11808	48936	1697796
2026-08-27T01:00Z	1.6359	558	11808	48936	1697796
2026-08-27T02:00Z	1.6359	558	11808	48936	1697796
2026-08-27T03:00Z	1.6359	558	11808	48936	1697796
2026-08-27T04:00Z	1.6359	558	11808	48936	1697796
2026-08-27T05:00Z	1.6359	558	11808	48936	1697796
2026-08-27T06:00Z	1.6359	558	11808	48936	1697796
2026-08-27T07:00Z	1.6359	558	11808	48936	1697796
2026-08-27T08:00Z	1.6359	558	11808	48936	1697796
2026-08-27T09:00Z	1.6359	558	11808	48936	1697796
2026-08-27T10:00Z	1.6359	558	11808	48936	1697796
2026-08-27T11:00Z	1.6359	558	11808	48936	1697796
2026-08-27T12:00Z	1.6359	558	11808	48936	1697796
2026-08-27T13:00Z	1.6359	558	11808	48936	1697796
2026-08-27T14:00Z	1.6359	558	11808	48936	1697796
2026-08-27T15:00Z	1.6359	558	11808	48936	1697796
2026-08-27T16:00Z	33.6347	526	137562	657951	47226933
2026-08-27T17:00Z	19.8958	4085	135808	578709	21838535
2026-08-27T18:00Z	30.8745	5051	195570	705597	33456787
2026-08-27T19:00Z	17.6110	4833	105258	344923	18728873
2026-08-27T20:00Z	17.6110	4833	105258	344923	18728873
2026-08-27T21:00Z	17.6110	4833	105258	344923	18728873
2026-08-27T22:00Z	17.6110	4833	105258	344923	18728873
2026-08-27T23:00Z	49.7565	5197	326578	1136699	58368321
2026-08-28T00:00Z	113.6725	6620	609116	2457503	132677659
2026-08-28T01:00Z	23.7817	4822	125673	428751	26115025
2026-08-28T02:00Z	23.7817	4822	125673	428751	26115025
2026-08-28T03:00Z	27.8181	4900	146680	564492	30421880
2026-08-28T04:00Z	29.8289	5510	179845	759761	33918069
2026-08-28T05:00Z	79.2051	6258	458475	1907127	97286840
2026-08-28T06:00Z	21.5829	4774	127810	604770	22448801
2026-08-28T07:00Z	15.3062	4646	99466	310870	17191956
2026-08-28T08:00Z	15.3062	4646	99466	310870	17191956
2026-08-28T09:00Z	20.7820	4758	130397	461167	23589847
2026-08-28T10:00Z	58.2907	10374	398447	1372742	66917149
2026-08-28T11:00Z	53.0436	7273	294037	1195471	57157863
2026-08-28T12:00Z	33.1566	6982	179900	598320	36319850
2026-08-28T13:00Z	33.1566	6982	179900	598320	36319850
2026-08-28T14:00Z	55.0982	5379	331732	1173301	70095464
2026-08-28T15:00Z	31.0782	4843	191506	518630	42165521
2026-08-28T16:00Z	8.8802	4579	72812	185097	10377477
2026-08-28T17:00Z	8.8802	4579	72812	185097	10377477
2026-08-28T18:00Z	29.2144	4825	194131	502987	38619701
2026-08-28T19:00Z	42.9890	5483	216827	580033	63486654
2026-08-28T20:00Z	67.0851	7654	376098	1516045	73120288
2026-08-28T21:00Z	25.3209	4741	121236	420404	24276968
2026-08-28T22:00Z	25.3209	4741	121236	420404	24276968
2026-08-28T23:00Z	25.3209	4741	121236	420404	24276968
2026-08-29T00:00Z	159.0880	6506	580364	2319679	191157605
2026-08-29T01:00Z	54.7923	5056	211109	803396	52075439
2026-08-29T02:00Z	25.8703	5353	147011	452095	35300150
2026-08-29T03:00Z	37.6106	5079	222004	721439	43686881
2026-08-29T04:00Z	41.9107	5083	351297	1115408	43902953
2026-08-29T05:00Z	101.8397	6124	433949	1619055	89623834
2026-08-29T06:00Z	128.1463	6483	583256	2187456	169464210
2026-08-29T07:00Z	121.5346	5966	562200	2156567	137949364
2026-08-29T08:00Z	37.3135	4957	199696	818139	37621409
2026-08-29T09:00Z	17.4094	4639	97782	309078	16646088
2026-08-29T10:00Z	17.4094	4639	97782	309078	16646088
2026-08-29T11:00Z	57.8645	5274	250161	1047496	54503884
2026-08-29T12:00Z	70.7296	5326	310291	1646852	60687333
2026-08-29T13:00Z	37.8168	4903	138233	645719	28553032
2026-08-29T14:00Z	38.6593	4911	142918	762963	27658833
2026-08-29T15:00Z	111.8874	6007	428790	2485579	75964222
2026-08-29T16:00Z	140.4426	21623	600198	3745124	101337036
2026-08-29T17:00Z	137.7317	6409	723787	4946850	105080665
2026-08-29T18:00Z	41.6181	5407	236919	1037191	27801163
2026-08-29T19:00Z	80.0059	15123	427253	2133328	63989431
2026-08-29T20:00Z	113.2491	12510	543791	2819720	84949477
2026-08-29T21:00Z	130.2182	11068	746029	4270190	102824245
2026-08-29T22:00Z	96.1100	10502	448247	2576736	68342063
2026-08-29T23:00Z	141.1576	11042	711519	4659684	105155984
2026-08-30T00:00Z	122.6033	10844	611696	3965030	92282931
2026-08-30T01:00Z	125.1969	10776	620224	3699210	97580969
2026-08-30T02:00Z	103.0802	10540	558787	3300898	81416194
2026-08-30T03:00Z	80.6995	11227	437957	2284492	71070689
2026-08-30T04:00Z	63.1569	10039	342564	1786064	50735729
2026-08-30T05:00Z	83.9698	10392	461455	2111604	90982815
2026-08-30T06:00Z	66.0544	10130	399716	2013107	54606794
2026-08-30T07:00Z	113.8536	10584	533799	2616793	109969361
2026-08-30T08:00Z	181.8823	11791	813236	4298705	158772201
2026-08-30T09:00Z	177.8238	16677	918910	4443806	150390935
2026-08-30T10:00Z	71.2880	5031	361434	1659521	53734242
2026-08-30T11:00Z	33.2251	4705	165169	727059	25923164
2026-08-30T12:00Z	38.3282	8848	221721	726894	33837672
2026-08-30T13:00Z	328.3975	8855	1887211	8031429	389692198
2026-08-30T14:00Z	480.7507	19412	2677551	13413871	561913692
2026-08-30T15:00Z	15.5710	9516	48648	670308	10373433
2026-08-30T16:00Z	12.1331	1283	66661	291435	11394822
2026-08-30T17:00Z	12.1331	1283	66661	291435	11394822
