week_start_thu16utc	cost_usd	input	output	cache_write	cache_read
2026-07-09	17.7428	0	0	0	0
2026-07-16	114.8287	9300	407608	1600375	99877021
2026-07-23	855.6412	137440	3168977	15350217	1239707435
2026-07-30	955.7728	64816	2082414	52070519	980935631
2026-08-06	1540.2759	133150	3840255	43013369	2053428550
2026-08-13	1803.8532	168471	5927653	33266807	2570336930
2026-08-20	2833.5518	133561	8071377	38102720	2429726265
2026-08-27	5699.8499	628463	29059602	138021093	5697913311
2026-09-03	3297.3788	322049	18878026	83731831	4122155332
